{
    "config": {
        "file": "generated_config.json"
    },
    "simulator": {
        "name": "simulate_exponential_decay"
    },
    "abc_results": {
        "accepted_samples": 324,
        "acceptance_rate": 0.00324
    },
    "parameters": {
        "decay_rate": {
            "mean": 0.37032929549759325,
            "standard_deviation": 0.04061791821530757,
            "median": 0.36730611691034726,
            "minimum": 0.29673952960258654,
            "maximum": 0.4728871342658558,
            "credible_interval_95": {
                "lower": 0.30342049338644295,
                "upper": 0.4550983608769169
            }
        },
        "initial_value": {
            "mean": 4.651879017285759,
            "standard_deviation": 0.20776577119344522,
            "median": 4.663512745532195,
            "minimum": 4.122417824518871,
            "maximum": 4.995081843062382,
            "credible_interval_95": {
                "lower": 4.250633442577616,
                "upper": 4.970863486962864
            }
        }
    },
    "distances": {
        "minimum": 0.015067501206034777,
        "mean": 0.13464661777598314,
        "median": 0.14269454261246928,
        "maximum": 0.19997385520739613,
        "standard_deviation": 0.046417904075783036
    }
}