{
    "config": {
        "file": "config.json"
    },
    "simulator": {
        "name": "simulate_exponential_decay"
    },
    "abc_results": {
        "accepted_samples": 69,
        "acceptance_rate": 0.00069
    },
    "parameters": {
        "decay_rate": {
            "mean": 0.37902990350720916,
            "standard_deviation": 0.01960602437142154,
            "median": 0.3794035499637066,
            "minimum": 0.3327258494082952,
            "maximum": 0.4256787102493592,
            "credible_interval_95": {
                "lower": 0.34397602765508956,
                "upper": 0.41534811608857103
            }
        },
        "initial_value": {
            "mean": 4.818893983484442,
            "standard_deviation": 0.12607058491795609,
            "median": 4.845338762314475,
            "minimum": 4.463335629897515,
            "maximum": 4.9885257798983265,
            "credible_interval_95": {
                "lower": 4.542918668126082,
                "upper": 4.97880420017612
            }
        }
    },
    "distances": {
        "minimum": 0.015067501206034777,
        "mean": 0.06153766758118695,
        "median": 0.061891847845167824,
        "maximum": 0.09947072267655543,
        "standard_deviation": 0.025347731289600457
    }
}